,lat,lon,val,date
0,51.2,-0.5999999999999979,20.859945,92
1,51.2,-0.5,21.359016,92
2,51.2,-0.3999999999999986,21.758207,92
3,51.2,-0.29999999999999716,22.005903,92
4,51.2,-0.1999999999999993,22.171186,92
5,51.2,-0.09999999999999787,22.221888,92
6,51.2,0.0,22.030113,92
7,51.2,0.10000000000000142,21.603193,92
8,51.2,0.20000000000000284,21.800636,92
9,51.2,0.3000000000000007,22.158548,92
10,51.3,-0.5999999999999979,21.091272,92
11,51.3,-0.5,22.015299,92
12,51.3,-0.3999999999999986,22.27711,92
13,51.3,-0.29999999999999716,22.664438,92
14,51.3,-0.1999999999999993,23.04951,92
15,51.3,-0.09999999999999787,23.12121,92
16,51.3,0.0,22.983652,92
17,51.3,0.10000000000000142,22.800446,92
18,51.3,0.20000000000000284,22.951777,92
19,51.3,0.3000000000000007,23.304985,92
20,51.400000000000006,-0.5999999999999979,21.695986,92
21,51.400000000000006,-0.5,23.44941,92
22,51.400000000000006,-0.3999999999999986,24.479204,92
23,51.400000000000006,-0.29999999999999716,25.350668,92
24,51.400000000000006,-0.1999999999999993,26.710802,92
25,51.400000000000006,-0.09999999999999787,26.851028,92
26,51.400000000000006,0.0,26.216562,92
27,51.400000000000006,0.10000000000000142,26.04537,92
28,51.400000000000006,0.20000000000000284,25.99511,92
29,51.400000000000006,0.3000000000000007,25.83595,92
30,51.5,-0.5999999999999979,22.640284,92
31,51.5,-0.5,24.318506,92
32,51.5,-0.3999999999999986,26.008362,92
33,51.5,-0.29999999999999716,26.979193,92
34,51.5,-0.1999999999999993,27.93313,92
35,51.5,-0.09999999999999787,28.240097,92
36,51.5,0.0,28.194948,92
37,51.5,0.10000000000000142,28.003466,92
38,51.5,0.20000000000000284,27.56088,92
39,51.5,0.3000000000000007,26.919847,92
40,51.6,-0.5999999999999979,22.046106,92
41,51.6,-0.5,23.64724,92
42,51.6,-0.3999999999999986,25.223442,92
43,51.6,-0.29999999999999716,26.19152,92
44,51.6,-0.1999999999999993,27.478386,92
45,51.6,-0.09999999999999787,28.402533,92
46,51.6,0.0,28.494856,92
47,51.6,0.10000000000000142,27.968214,92
48,51.6,0.20000000000000284,27.298574,92
49,51.6,0.3000000000000007,27.43541,92
50,51.7,-0.5999999999999979,20.809938,92
51,51.7,-0.5,21.980543,92
52,51.7,-0.3999999999999986,22.867447,92
53,51.7,-0.29999999999999716,23.459183,92
54,51.7,-0.1999999999999993,23.966751,92
55,51.7,-0.09999999999999787,24.703041,92
56,51.7,0.0,25.190092,92
57,51.7,0.10000000000000142,25.732248,92
58,51.7,0.20000000000000284,25.8939,92
59,51.7,0.3000000000000007,26.503786,92
60,51.8,-0.5999999999999979,19.685162,92
61,51.8,-0.5,20.32876,92
62,51.8,-0.3999999999999986,20.799604,92
63,51.8,-0.29999999999999716,21.167381,92
64,51.8,-0.1999999999999993,21.660887,92
65,51.8,-0.09999999999999787,22.364729,92
66,51.8,0.0,23.32553,92
67,51.8,0.10000000000000142,24.34951,92
68,51.8,0.20000000000000284,25.207954,92
69,51.8,0.3000000000000007,25.950485,92
70,51.900000000000006,-0.5999999999999979,19.024063,92
71,51.900000000000006,-0.5,19.452024,92
72,51.900000000000006,-0.3999999999999986,19.730118,92
73,51.900000000000006,-0.29999999999999716,19.89827,92
74,51.900000000000006,-0.1999999999999993,20.249155,92
75,51.900000000000006,-0.09999999999999787,20.616343,92
76,51.900000000000006,0.0,21.874544,92
77,51.900000000000006,0.10000000000000142,22.966677,92
78,51.900000000000006,0.20000000000000284,24.524368,92
79,51.900000000000006,0.3000000000000007,25.485817,92
80,52.0,-0.5999999999999979,18.882996,92
81,52.0,-0.5,18.805357,92
82,52.0,-0.3999999999999986,19.235842,92
83,52.0,-0.29999999999999716,19.186087,92
84,52.0,-0.1999999999999993,19.287813,92
85,52.0,-0.09999999999999787,19.654383,92
86,52.0,0.0,20.498957,92
87,52.0,0.10000000000000142,21.28958,92
88,52.0,0.20000000000000284,22.694105,92
89,52.0,0.3000000000000007,24.006098,92
0,51.2,-0.5999999999999979,24.380163,93
1,51.2,-0.5,24.770414,93
2,51.2,-0.3999999999999986,24.984488,93
3,51.2,-0.29999999999999716,25.583567,93
4,51.2,-0.1999999999999993,26.143545,93
5,51.2,-0.09999999999999787,26.637102,93
6,51.2,0.0,27.3175,93
7,51.2,0.10000000000000142,28.09098,93
8,51.2,0.20000000000000284,29.024645,93
9,51.2,0.3000000000000007,29.888123,93
10,51.3,-0.5999999999999979,25.363258,93
11,51.3,-0.5,26.13778,93
12,51.3,-0.3999999999999986,26.86898,93
13,51.3,-0.29999999999999716,27.632866,93
14,51.3,-0.1999999999999993,28.596025,93
15,51.3,-0.09999999999999787,29.479057,93
16,51.3,0.0,30.676292,93
17,51.3,0.10000000000000142,32.1006,93
18,51.3,0.20000000000000284,32.99068,93
19,51.3,0.3000000000000007,33.472782,93
20,51.400000000000006,-0.5999999999999979,33.186104,93
21,51.400000000000006,-0.5,34.801464,93
22,51.400000000000006,-0.3999999999999986,35.9059,93
23,51.400000000000006,-0.29999999999999716,37.402172,93
24,51.400000000000006,-0.1999999999999993,38.0308,93
25,51.400000000000006,-0.09999999999999787,39.02547,93
26,51.400000000000006,0.0,39.3215,93
27,51.400000000000006,0.10000000000000142,40.229786,93
28,51.400000000000006,0.20000000000000284,40.42186,93
29,51.400000000000006,0.3000000000000007,40.79969,93
30,51.5,-0.5999999999999979,38.879215,93
31,51.5,-0.5,40.22679,93
32,51.5,-0.3999999999999986,41.38841,93
33,51.5,-0.29999999999999716,42.26622,93
34,51.5,-0.1999999999999993,42.984913,93
35,51.5,-0.09999999999999787,44.566715,93
36,51.5,0.0,44.297974,93
37,51.5,0.10000000000000142,45.147766,93
38,51.5,0.20000000000000284,45.001972,93
39,51.5,0.3000000000000007,45.38104,93
40,51.6,-0.5999999999999979,41.64594,93
41,51.6,-0.5,42.804596,93
42,51.6,-0.3999999999999986,44.386295,93
43,51.6,-0.29999999999999716,44.900253,93
44,51.6,-0.1999999999999993,46.04263,93
45,51.6,-0.09999999999999787,46.551723,93
46,51.6,0.0,46.585144,93
47,51.6,0.10000000000000142,46.903885,93
48,51.6,0.20000000000000284,47.218655,93
49,51.6,0.3000000000000007,46.71481,93
50,51.7,-0.5999999999999979,42.023045,93
51,51.7,-0.5,42.89734,93
52,51.7,-0.3999999999999986,44.2905,93
53,51.7,-0.29999999999999716,44.845875,93
54,51.7,-0.1999999999999993,45.363922,93
55,51.7,-0.09999999999999787,45.710583,93
56,51.7,0.0,45.827747,93
57,51.7,0.10000000000000142,45.359188,93
58,51.7,0.20000000000000284,45.687973,93
59,51.7,0.3000000000000007,43.9145,93
60,51.8,-0.5999999999999979,41.60545,93
61,51.8,-0.5,42.280262,93
62,51.8,-0.3999999999999986,42.470844,93
63,51.8,-0.29999999999999716,43.09354,93
64,51.8,-0.1999999999999993,42.532665,93
65,51.8,-0.09999999999999787,42.972416,93
66,51.8,0.0,41.803246,93
67,51.8,0.10000000000000142,41.50538,93
68,51.8,0.20000000000000284,41.201996,93
69,51.8,0.3000000000000007,39.895725,93
70,51.900000000000006,-0.5999999999999979,40.503147,93
71,51.900000000000006,-0.5,41.14522,93
72,51.900000000000006,-0.3999999999999986,41.32673,93
73,51.900000000000006,-0.29999999999999716,41.414528,93
74,51.900000000000006,-0.1999999999999993,39.44528,93
75,51.900000000000006,-0.09999999999999787,39.63125,93
76,51.900000000000006,0.0,37.18225,93
77,51.900000000000006,0.10000000000000142,36.92821,93
78,51.900000000000006,0.20000000000000284,36.76968,93
79,51.900000000000006,0.3000000000000007,36.67738,93
80,52.0,-0.5999999999999979,39.489132,93
81,52.0,-0.5,39.20719,93
82,52.0,-0.3999999999999986,39.04569,93
83,52.0,-0.29999999999999716,38.409252,93
84,52.0,-0.1999999999999993,37.43041,93
85,52.0,-0.09999999999999787,37.25981,93
86,52.0,0.0,37.143574,93
87,52.0,0.10000000000000142,36.94076,93
88,52.0,0.20000000000000284,36.886017,93
89,52.0,0.3000000000000007,36.73997,93
0,51.2,-0.5999999999999979,29.391853,94
1,51.2,-0.5,28.279455,94
2,51.2,-0.3999999999999986,27.226921,94
3,51.2,-0.29999999999999716,26.404322,94
4,51.2,-0.1999999999999993,25.707739,94
5,51.2,-0.09999999999999787,25.190958,94
6,51.2,0.0,24.408472,94
7,51.2,0.10000000000000142,23.908537,94
8,51.2,0.20000000000000284,23.60605,94
9,51.2,0.3000000000000007,23.105906,94
10,51.3,-0.5999999999999979,31.165987,94
11,51.3,-0.5,29.779154,94
12,51.3,-0.3999999999999986,28.469038,94
13,51.3,-0.29999999999999716,27.639778,94
14,51.3,-0.1999999999999993,26.903778,94
15,51.3,-0.09999999999999787,26.214249,94
16,51.3,0.0,25.629745,94
17,51.3,0.10000000000000142,25.440039,94
18,51.3,0.20000000000000284,24.998465,94
19,51.3,0.3000000000000007,24.441414,94
20,51.400000000000006,-0.5999999999999979,32.92309,94
21,51.400000000000006,-0.5,31.651682,94
22,51.400000000000006,-0.3999999999999986,30.650484,94
23,51.400000000000006,-0.29999999999999716,29.997679,94
24,51.400000000000006,-0.1999999999999993,29.433853,94
25,51.400000000000006,-0.09999999999999787,29.185125,94
26,51.400000000000006,0.0,28.399406,94
27,51.400000000000006,0.10000000000000142,27.755384,94
28,51.400000000000006,0.20000000000000284,27.071642,94
29,51.400000000000006,0.3000000000000007,26.39604,94
30,51.5,-0.5999999999999979,34.981674,94
31,51.5,-0.5,34.362324,94
32,51.5,-0.3999999999999986,33.9107,94
33,51.5,-0.29999999999999716,33.389145,94
34,51.5,-0.1999999999999993,33.069042,94
35,51.5,-0.09999999999999787,32.563984,94
36,51.5,0.0,31.538115,94
37,51.5,0.10000000000000142,30.45613,94
38,51.5,0.20000000000000284,29.782148,94
39,51.5,0.3000000000000007,28.939932,94
40,51.6,-0.5999999999999979,36.921528,94
41,51.6,-0.5,37.046032,94
42,51.6,-0.3999999999999986,36.796993,94
43,51.6,-0.29999999999999716,36.96979,94
44,51.6,-0.1999999999999993,36.936043,94
45,51.6,-0.09999999999999787,36.434635,94
46,51.6,0.0,35.69107,94
47,51.6,0.10000000000000142,34.316013,94
48,51.6,0.20000000000000284,33.604553,94
49,51.6,0.3000000000000007,32.47646,94
50,51.7,-0.5999999999999979,38.804806,94
51,51.7,-0.5,38.787952,94
52,51.7,-0.3999999999999986,38.545418,94
53,51.7,-0.29999999999999716,38.450703,94
54,51.7,-0.1999999999999993,37.88214,94
55,51.7,-0.09999999999999787,37.057384,94
56,51.7,0.0,36.181423,94
57,51.7,0.10000000000000142,34.850445,94
58,51.7,0.20000000000000284,34.28887,94
59,51.7,0.3000000000000007,32.99355,94
60,51.8,-0.5999999999999979,38.158398,94
61,51.8,-0.5,38.24892,94
62,51.8,-0.3999999999999986,37.948574,94
63,51.8,-0.29999999999999716,37.83572,94
64,51.8,-0.1999999999999993,37.222057,94
65,51.8,-0.09999999999999787,36.84916,94
66,51.8,0.0,35.59336,94
67,51.8,0.10000000000000142,34.79845,94
68,51.8,0.20000000000000284,34.269733,94
69,51.8,0.3000000000000007,33.217686,94
70,51.900000000000006,-0.5999999999999979,38.180477,94
71,51.900000000000006,-0.5,37.819126,94
72,51.900000000000006,-0.3999999999999986,37.431118,94
73,51.900000000000006,-0.29999999999999716,37.120274,94
74,51.900000000000006,-0.1999999999999993,36.565296,94
75,51.900000000000006,-0.09999999999999787,36.262913,94
76,51.900000000000006,0.0,35.11303,94
77,51.900000000000006,0.10000000000000142,34.925625,94
78,51.900000000000006,0.20000000000000284,34.079998,94
79,51.900000000000006,0.3000000000000007,33.96731,94
80,52.0,-0.5999999999999979,38.847237,94
81,52.0,-0.5,38.1246,94
82,52.0,-0.3999999999999986,37.493355,94
83,52.0,-0.29999999999999716,37.23923,94
84,52.0,-0.1999999999999993,36.357643,94
85,52.0,-0.09999999999999787,35.843105,94
86,52.0,0.0,35.246624,94
87,52.0,0.10000000000000142,35.1235,94
88,52.0,0.20000000000000284,34.877327,94
89,52.0,0.3000000000000007,35.00299,94
0,51.2,-0.5999999999999979,14.299873,95
1,51.2,-0.5,14.631896,95
2,51.2,-0.3999999999999986,14.768481,95
3,51.2,-0.29999999999999716,15.664257,95
4,51.2,-0.1999999999999993,16.406994,95
5,51.2,-0.09999999999999787,16.74461,95
6,51.2,0.0,17.15902,95
7,51.2,0.10000000000000142,17.471975,95
8,51.2,0.20000000000000284,17.974413,95
9,51.2,0.3000000000000007,18.154036,95
10,51.3,-0.5999999999999979,14.886868,95
11,51.3,-0.5,16.036448,95
12,51.3,-0.3999999999999986,16.63532,95
13,51.3,-0.29999999999999716,17.334612,95
14,51.3,-0.1999999999999993,17.965052,95
15,51.3,-0.09999999999999787,18.379257,95
16,51.3,0.0,18.95395,95
17,51.3,0.10000000000000142,19.506739,95
18,51.3,0.20000000000000284,19.825006,95
19,51.3,0.3000000000000007,19.90471,95
20,51.400000000000006,-0.5999999999999979,15.932044,95
21,51.400000000000006,-0.5,16.915554,95
22,51.400000000000006,-0.3999999999999986,17.55999,95
23,51.400000000000006,-0.29999999999999716,18.263926,95
24,51.400000000000006,-0.1999999999999993,18.974718,95
25,51.400000000000006,-0.09999999999999787,19.784811,95
26,51.400000000000006,0.0,20.285198,95
27,51.400000000000006,0.10000000000000142,20.65307,95
28,51.400000000000006,0.20000000000000284,20.963816,95
29,51.400000000000006,0.3000000000000007,21.045704,95
30,51.5,-0.5999999999999979,16.931398,95
31,51.5,-0.5,17.69579,95
32,51.5,-0.3999999999999986,18.347464,95
33,51.5,-0.29999999999999716,19.245867,95
34,51.5,-0.1999999999999993,20.152674,95
35,51.5,-0.09999999999999787,20.857515,95
36,51.5,0.0,21.318981,95
37,51.5,0.10000000000000142,21.458757,95
38,51.5,0.20000000000000284,21.720873,95
39,51.5,0.3000000000000007,22.033865,95
40,51.6,-0.5999999999999979,18.322159,95
41,51.6,-0.5,19.0697,95
42,51.6,-0.3999999999999986,19.934261,95
43,51.6,-0.29999999999999716,20.823484,95
44,51.6,-0.1999999999999993,21.371284,95
45,51.6,-0.09999999999999787,21.765297,95
46,51.6,0.0,21.867004,95
47,51.6,0.10000000000000142,21.983795,95
48,51.6,0.20000000000000284,22.34958,95
49,51.6,0.3000000000000007,22.870491,95
50,51.7,-0.5999999999999979,19.75511,95
51,51.7,-0.5,20.261627,95
52,51.7,-0.3999999999999986,21.029127,95
53,51.7,-0.29999999999999716,21.452688,95
54,51.7,-0.1999999999999993,22.07199,95
55,51.7,-0.09999999999999787,22.191292,95
56,51.7,0.0,22.474035,95
57,51.7,0.10000000000000142,22.856627,95
58,51.7,0.20000000000000284,23.18512,95
59,51.7,0.3000000000000007,23.323137,95
60,51.8,-0.5999999999999979,19.725094,95
61,51.8,-0.5,20.353357,95
62,51.8,-0.3999999999999986,20.720297,95
63,51.8,-0.29999999999999716,21.012383,95
64,51.8,-0.1999999999999993,21.769144,95
65,51.8,-0.09999999999999787,22.085836,95
66,51.8,0.0,22.391762,95
67,51.8,0.10000000000000142,22.789854,95
68,51.8,0.20000000000000284,22.953833,95
69,51.8,0.3000000000000007,23.290178,95
70,51.900000000000006,-0.5999999999999979,19.45194,95
71,51.900000000000006,-0.5,20.400805,95
72,51.900000000000006,-0.3999999999999986,20.63431,95
73,51.900000000000006,-0.29999999999999716,20.899336,95
74,51.900000000000006,-0.1999999999999993,21.309334,95
75,51.900000000000006,-0.09999999999999787,21.781485,95
76,51.900000000000006,0.0,22.070976,95
77,51.900000000000006,0.10000000000000142,22.372622,95
78,51.900000000000006,0.20000000000000284,22.941109,95
79,51.900000000000006,0.3000000000000007,23.112452,95
80,52.0,-0.5999999999999979,19.463198,95
81,52.0,-0.5,20.721983,95
82,52.0,-0.3999999999999986,20.872341,95
83,52.0,-0.29999999999999716,21.224905,95
84,52.0,-0.1999999999999993,21.345009,95
85,52.0,-0.09999999999999787,21.50014,95
86,52.0,0.0,22.392782,95
87,52.0,0.10000000000000142,22.469854,95
88,52.0,0.20000000000000284,22.797632,95
89,52.0,0.3000000000000007,22.642656,95
0,51.2,-0.5999999999999979,10.902463,96
1,51.2,-0.5,10.797787,96
2,51.2,-0.3999999999999986,10.736766,96
3,51.2,-0.29999999999999716,10.647836,96
4,51.2,-0.1999999999999993,10.586246,96
5,51.2,-0.09999999999999787,10.541219,96
6,51.2,0.0,10.359803,96
7,51.2,0.10000000000000142,10.236065,96
8,51.2,0.20000000000000284,10.181933,96
9,51.2,0.3000000000000007,10.124603,96
10,51.3,-0.5999999999999979,10.674832,96
11,51.3,-0.5,10.756434,96
12,51.3,-0.3999999999999986,10.82294,96
13,51.3,-0.29999999999999716,10.825691,96
14,51.3,-0.1999999999999993,10.768245,96
15,51.3,-0.09999999999999787,10.557029,96
16,51.3,0.0,10.659501,96
17,51.3,0.10000000000000142,10.710083,96
18,51.3,0.20000000000000284,10.492676,96
19,51.3,0.3000000000000007,10.374545,96
20,51.400000000000006,-0.5999999999999979,10.706893,96
21,51.400000000000006,-0.5,10.894089,96
22,51.400000000000006,-0.3999999999999986,10.926444,96
23,51.400000000000006,-0.29999999999999716,10.490008,96
24,51.400000000000006,-0.1999999999999993,10.376629,96
25,51.400000000000006,-0.09999999999999787,10.202686,96
26,51.400000000000006,0.0,10.208963,96
27,51.400000000000006,0.10000000000000142,10.072159,96
28,51.400000000000006,0.20000000000000284,10.377979,96
29,51.400000000000006,0.3000000000000007,10.652343,96
30,51.5,-0.5999999999999979,10.682012,96
31,51.5,-0.5,11.05017,96
32,51.5,-0.3999999999999986,10.957437,96
33,51.5,-0.29999999999999716,10.707343,96
34,51.5,-0.1999999999999993,10.496451,96
35,51.5,-0.09999999999999787,9.9056425,96
36,51.5,0.0,10.026569,96
37,51.5,0.10000000000000142,9.7663765,96
38,51.5,0.20000000000000284,9.997342,96
39,51.5,0.3000000000000007,10.348147,96
40,51.6,-0.5999999999999979,10.455151,96
41,51.6,-0.5,10.8527975,96
42,51.6,-0.3999999999999986,10.638482,96
43,51.6,-0.29999999999999716,10.527936,96
44,51.6,-0.1999999999999993,9.904001,96
45,51.6,-0.09999999999999787,9.286233,96
46,51.6,0.0,9.298314,96
47,51.6,0.10000000000000142,9.303651,96
48,51.6,0.20000000000000284,9.27655,96
49,51.6,0.3000000000000007,9.71529,96
50,51.7,-0.5999999999999979,10.091057,96
51,51.7,-0.5,10.3730345,96
52,51.7,-0.3999999999999986,10.243072,96
53,51.7,-0.29999999999999716,10.461118,96
54,51.7,-0.1999999999999993,10.526153,96
55,51.7,-0.09999999999999787,10.408059,96
56,51.7,0.0,10.243998,96
57,51.7,0.10000000000000142,9.941983,96
58,51.7,0.20000000000000284,9.758049,96
59,51.7,0.3000000000000007,9.984585,96
60,51.8,-0.5999999999999979,9.937742,96
61,51.8,-0.5,9.997462,96
62,51.8,-0.3999999999999986,10.140466,96
63,51.8,-0.29999999999999716,10.525136,96
64,51.8,-0.1999999999999993,10.520358,96
65,51.8,-0.09999999999999787,10.602225,96
66,51.8,0.0,10.46922,96
67,51.8,0.10000000000000142,10.224758,96
68,51.8,0.20000000000000284,10.393102,96
69,51.8,0.3000000000000007,10.544931,96
70,51.900000000000006,-0.5999999999999979,9.883794,96
71,51.900000000000006,-0.5,9.801827,96
72,51.900000000000006,-0.3999999999999986,9.849352,96
73,51.900000000000006,-0.29999999999999716,10.183662,96
74,51.900000000000006,-0.1999999999999993,10.318515,96
75,51.900000000000006,-0.09999999999999787,10.513909,96
76,51.900000000000006,0.0,10.579702,96
77,51.900000000000006,0.10000000000000142,10.752872,96
78,51.900000000000006,0.20000000000000284,10.870068,96
79,51.900000000000006,0.3000000000000007,10.803772,96
80,52.0,-0.5999999999999979,9.763953,96
81,52.0,-0.5,9.752263,96
82,52.0,-0.3999999999999986,9.691035,96
83,52.0,-0.29999999999999716,9.828201,96
84,52.0,-0.1999999999999993,9.96839,96
85,52.0,-0.09999999999999787,10.359757,96
86,52.0,0.0,10.598561,96
87,52.0,0.10000000000000142,10.771008,96
88,52.0,0.20000000000000284,10.823977,96
89,52.0,0.3000000000000007,10.813905,96
0,51.2,-0.5999999999999979,7.320687,97
1,51.2,-0.5,7.3632016,97
2,51.2,-0.3999999999999986,7.38505,97
3,51.2,-0.29999999999999716,7.4125686,97
4,51.2,-0.1999999999999993,7.3927817,97
5,51.2,-0.09999999999999787,7.435739,97
6,51.2,0.0,7.333925,97
7,51.2,0.10000000000000142,7.3258586,97
8,51.2,0.20000000000000284,7.3252735,97
9,51.2,0.3000000000000007,7.2798595,97
10,51.3,-0.5999999999999979,7.2361016,97
11,51.3,-0.5,7.3286552,97
12,51.3,-0.3999999999999986,7.40567,97
13,51.3,-0.29999999999999716,7.490685,97
14,51.3,-0.1999999999999993,7.564305,97
15,51.3,-0.09999999999999787,7.42705,97
16,51.3,0.0,7.299513,97
17,51.3,0.10000000000000142,7.244888,97
18,51.3,0.20000000000000284,7.1408124,97
19,51.3,0.3000000000000007,7.152413,97
20,51.400000000000006,-0.5999999999999979,7.1160836,97
21,51.400000000000006,-0.5,7.3103137,97
22,51.400000000000006,-0.3999999999999986,7.5083194,97
23,51.400000000000006,-0.29999999999999716,7.680042,97
24,51.400000000000006,-0.1999999999999993,7.8518777,97
25,51.400000000000006,-0.09999999999999787,7.581898,97
26,51.400000000000006,0.0,7.403923,97
27,51.400000000000006,0.10000000000000142,7.1851354,97
28,51.400000000000006,0.20000000000000284,7.0391083,97
29,51.400000000000006,0.3000000000000007,6.9869275,97
30,51.5,-0.5999999999999979,6.9492054,97
31,51.5,-0.5,7.2740955,97
32,51.5,-0.3999999999999986,7.3983345,97
33,51.5,-0.29999999999999716,7.722624,97
34,51.5,-0.1999999999999993,7.906319,97
35,51.5,-0.09999999999999787,7.4772067,97
36,51.5,0.0,7.5361457,97
37,51.5,0.10000000000000142,7.27259,97
38,51.5,0.20000000000000284,7.0561595,97
39,51.5,0.3000000000000007,6.929319,97
40,51.6,-0.5999999999999979,6.853403,97
41,51.6,-0.5,7.097173,97
42,51.6,-0.3999999999999986,7.268513,97
43,51.6,-0.29999999999999716,7.475345,97
44,51.6,-0.1999999999999993,7.564316,97
45,51.6,-0.09999999999999787,7.4700146,97
46,51.6,0.0,7.489668,97
47,51.6,0.10000000000000142,7.3452377,97
48,51.6,0.20000000000000284,7.1539483,97
49,51.6,0.3000000000000007,7.033728,97
50,51.7,-0.5999999999999979,6.6403985,97
51,51.7,-0.5,6.854976,97
52,51.7,-0.3999999999999986,7.1243796,97
53,51.7,-0.29999999999999716,7.306772,97
54,51.7,-0.1999999999999993,7.4390426,97
55,51.7,-0.09999999999999787,7.413952,97
56,51.7,0.0,7.383229,97
57,51.7,0.10000000000000142,7.28405,97
58,51.7,0.20000000000000284,7.193292,97
59,51.7,0.3000000000000007,7.100821,97
60,51.8,-0.5999999999999979,6.4942536,97
61,51.8,-0.5,6.6538596,97
62,51.8,-0.3999999999999986,6.895119,97
63,51.8,-0.29999999999999716,7.035654,97
64,51.8,-0.1999999999999993,7.134051,97
65,51.8,-0.09999999999999787,7.190602,97
66,51.8,0.0,7.246584,97
67,51.8,0.10000000000000142,7.213618,97
68,51.8,0.20000000000000284,7.2522144,97
69,51.8,0.3000000000000007,7.2031054,97
70,51.900000000000006,-0.5999999999999979,6.482077,97
71,51.900000000000006,-0.5,6.5167327,97
72,51.900000000000006,-0.3999999999999986,6.6727543,97
73,51.900000000000006,-0.29999999999999716,6.8225017,97
74,51.900000000000006,-0.1999999999999993,6.9099984,97
75,51.900000000000006,-0.09999999999999787,6.973503,97
76,51.900000000000006,0.0,7.068156,97
77,51.900000000000006,0.10000000000000142,7.0970154,97
78,51.900000000000006,0.20000000000000284,7.2227993,97
79,51.900000000000006,0.3000000000000007,7.2431846,97
80,52.0,-0.5999999999999979,6.3693123,97
81,52.0,-0.5,6.444898,97
82,52.0,-0.3999999999999986,6.5111613,97
83,52.0,-0.29999999999999716,6.586635,97
84,52.0,-0.1999999999999993,6.645956,97
85,52.0,-0.09999999999999787,6.7567406,97
86,52.0,0.0,6.8823986,97
87,52.0,0.10000000000000142,6.95109,97
88,52.0,0.20000000000000284,7.0424232,97
89,52.0,0.3000000000000007,7.0572953,97
0,51.2,-0.5999999999999979,5.754762,98
1,51.2,-0.5,5.7080226,98
2,51.2,-0.3999999999999986,5.7570615,98
3,51.2,-0.29999999999999716,5.872614,98
4,51.2,-0.1999999999999993,5.93589,98
5,51.2,-0.09999999999999787,5.963987,98
6,51.2,0.0,5.892755,98
7,51.2,0.10000000000000142,5.893217,98
8,51.2,0.20000000000000284,5.873939,98
9,51.2,0.3000000000000007,5.9507165,98
10,51.3,-0.5999999999999979,5.8911824,98
11,51.3,-0.5,5.9687295,98
12,51.3,-0.3999999999999986,6.0171895,98
13,51.3,-0.29999999999999716,6.14004,98
14,51.3,-0.1999999999999993,6.274098,98
15,51.3,-0.09999999999999787,6.2704806,98
16,51.3,0.0,6.298966,98
17,51.3,0.10000000000000142,6.3456783,98
18,51.3,0.20000000000000284,6.262469,98
19,51.3,0.3000000000000007,6.242273,98
20,51.400000000000006,-0.5999999999999979,6.1225905,98
21,51.400000000000006,-0.5,6.3364882,98
22,51.400000000000006,-0.3999999999999986,6.497183,98
23,51.400000000000006,-0.29999999999999716,6.522841,98
24,51.400000000000006,-0.1999999999999993,6.5517006,98
25,51.400000000000006,-0.09999999999999787,6.537744,98
26,51.400000000000006,0.0,6.4807067,98
27,51.400000000000006,0.10000000000000142,6.432432,98
28,51.400000000000006,0.20000000000000284,6.339603,98
29,51.400000000000006,0.3000000000000007,6.3297057,98
30,51.5,-0.5999999999999979,6.239363,98
31,51.5,-0.5,6.540556,98
32,51.5,-0.3999999999999986,6.6164756,98
33,51.5,-0.29999999999999716,6.6941733,98
34,51.5,-0.1999999999999993,6.7576604,98
35,51.5,-0.09999999999999787,6.6040382,98
36,51.5,0.0,6.6081758,98
37,51.5,0.10000000000000142,6.4183345,98
38,51.5,0.20000000000000284,6.3487096,98
39,51.5,0.3000000000000007,6.4059086,98
40,51.6,-0.5999999999999979,6.206367,98
41,51.6,-0.5,6.430784,98
42,51.6,-0.3999999999999986,6.552976,98
43,51.6,-0.29999999999999716,6.582643,98
44,51.6,-0.1999999999999993,6.630821,98
45,51.6,-0.09999999999999787,6.5747495,98
46,51.6,0.0,6.576325,98
47,51.6,0.10000000000000142,6.579954,98
48,51.6,0.20000000000000284,6.5384884,98
49,51.6,0.3000000000000007,6.4545264,98
50,51.7,-0.5999999999999979,6.010458,98
51,51.7,-0.5,6.184649,98
52,51.7,-0.3999999999999986,6.323761,98
53,51.7,-0.29999999999999716,6.4556336,98
54,51.7,-0.1999999999999993,6.517174,98
55,51.7,-0.09999999999999787,6.454351,98
56,51.7,0.0,6.416022,98
57,51.7,0.10000000000000142,6.3872533,98
58,51.7,0.20000000000000284,6.359491,98
59,51.7,0.3000000000000007,6.2965226,98
60,51.8,-0.5999999999999979,5.5278325,98
61,51.8,-0.5,5.7258887,98
62,51.8,-0.3999999999999986,5.9560084,98
63,51.8,-0.29999999999999716,6.1097164,98
64,51.8,-0.1999999999999993,6.226162,98
65,51.8,-0.09999999999999787,6.239416,98
66,51.8,0.0,6.321243,98
67,51.8,0.10000000000000142,6.308595,98
68,51.8,0.20000000000000284,6.2087474,98
69,51.8,0.3000000000000007,6.1816554,98
70,51.900000000000006,-0.5999999999999979,5.3668427,98
71,51.900000000000006,-0.5,5.5353036,98
72,51.900000000000006,-0.3999999999999986,5.704912,98
73,51.900000000000006,-0.29999999999999716,5.8978386,98
74,51.900000000000006,-0.1999999999999993,6.068481,98
75,51.900000000000006,-0.09999999999999787,6.0934777,98
76,51.900000000000006,0.0,6.1885695,98
77,51.900000000000006,0.10000000000000142,6.1915107,98
78,51.900000000000006,0.20000000000000284,6.196398,98
79,51.900000000000006,0.3000000000000007,6.153578,98
80,52.0,-0.5999999999999979,5.1929827,98
81,52.0,-0.5,5.3148384,98
82,52.0,-0.3999999999999986,5.4268436,98
83,52.0,-0.29999999999999716,5.6041985,98
84,52.0,-0.1999999999999993,5.7734637,98
85,52.0,-0.09999999999999787,5.8762016,98
86,52.0,0.0,5.944895,98
87,52.0,0.10000000000000142,5.9685597,98
88,52.0,0.20000000000000284,6.047085,98
89,52.0,0.3000000000000007,6.013223,98
